postal_code,ev_count,avg_electric_range,bev_ratio,avg_base_msrp,lat,lon,demand_level,log_ev_count
83854.0,2,-1.414878132393511,1.3168335497345351,-0.19395928342208066,47.71189,-116.9481,Low,1.0986122886681098
83858.0,1,-0.6263639441348566,-3.750637662261206,-0.19395928342208066,47.81137,-116.89644,Low,0.6931471805599453
83876.0,1,-1.414878132393511,1.3168335497345351,-0.19395928342208066,47.40077,-116.91895,Low,0.6931471805599453
97006.0,1,-1.414878132393511,1.3168335497345351,-0.19395928342208066,45.53043,-122.88429,Low,0.6931471805599453
97027.0,1,-0.9902935694850048,-3.750637662261206,11.940783712240647,45.38059,-122.59479,Low,0.6931471805599453
97058.0,1,-1.2329133197184368,-3.750637662261206,-0.19395928342208066,45.60172,-121.18329,Low,0.6931471805599453
97080.0,1,-1.414878132393511,1.3168335497345351,-0.19395928342208066,45.48339,-122.38802,Low,0.6931471805599453
97089.0,1,5.803059437051095,1.3168335497345351,-0.19395928342208066,45.41759,-122.45692,Low,0.6931471805599453
97205.0,1,-1.414878132393511,1.3168335497345351,-0.19395928342208066,45.52019,-122.67994,Low,0.6931471805599453
97213.0,1,-1.414878132393511,1.3168335497345351,-0.19395928342208066,45.53903,-122.60636,Low,0.6931471805599453
97214.0,1,-0.9902935694850048,-3.750637662261206,19.83554371396844,45.50606,-122.64942,Low,0.6931471805599453
97217.0,1,-1.414878132393511,1.3168335497345351,-0.19395928342208066,45.55633,-122.69987,Low,0.6931471805599453
97230.0,1,-1.414878132393511,1.3168335497345351,-0.19395928342208066,45.54349,-122.50217,Low,0.6931471805599453
97239.0,1,-1.414878132393511,1.3168335497345351,-0.19395928342208066,45.48245,-122.67434,Low,0.6931471805599453
98001.0,1074,-0.2795464659729603,0.5477480678394647,0.017939114040658,47.3074,-122.23035,High,6.980075940561763
98002.0,440,0.3254360930735138,0.21120346711728274,0.09462606477839457,47.30661,-122.22170000000001,High,6.089044875446846
98003.0,876,-0.23124134005178582,0.408622385027536,-0.024263664583652093,47.30151,-122.3303,High,6.776506992372183
98004.0,3626,-0.03288733018995714,0.648810593492405,0.0755403480942461,47.61001,-122.1872,High,8.196161139282902
98005.0,1787,-0.14779411083655272,0.5880478186305028,-0.004763215646729535,47.64441,-122.1621,High,7.488852955733459
98006.0,3832,-0.09173150717246623,0.6265360620879336,-0.006163243199658986,47.55584,-122.12096,High,8.251403065380556
98007.0,1361,-0.3617952175990796,0.6838650662376388,-0.05268979737974636,47.61334,-122.12056,High,7.216709486709457
98008.0,2068,0.05804255511828917,0.6160130629691666,0.008612306972714824,47.63131,-122.11867,High,7.634820677745543
98010.0,523,-0.2671313072572007,0.745168537291421,-0.021747976053099534,47.30893,-122.00143,High,6.261491684321042
98011.0,1662,-0.1765612333004626,0.5118922741828649,-0.061441212850384196,47.76144,-122.20563,High,7.416378479192928
98012.0,4696,-0.4038096635557919,0.6758459219820928,-0.08541961814415971,47.83448,-122.21061000000002,High,8.454679286026995
98014.0,483,-0.05290478810951102,0.4250425496938766,0.095038608511616,47.64901,-121.91353,High,6.182084906716632
98019.0,819,-0.08643131621152433,0.543409982580118,-0.13478751220597487,47.74068,-121.98608999999999,High,6.709304340258298
98020.0,1098,0.08144271791909737,0.10765553740039653,-0.003980024914378939,47.81116,-122.37689,High,7.002155954403621
98021.0,2724,-0.2773197173741953,0.6415427824972173,-0.1234947624492026,47.8031,-122.18384,High,7.9102237070973445
98022.0,483,0.3642077897374583,0.08930946732562885,0.03098805450666171,47.20433,-121.99136,High,6.182084906716632
98023.0,1279,-0.15426081403833264,0.3857500979604936,-0.09937600367563347,47.3084,-122.36321,High,7.154615356913663
98024.0,358,0.2781231624441778,0.29767732832757043,-0.01029207316193674,47.56812,-121.89086,High,5.883322388488279
98026.0,1609,-0.04616497336997877,0.41608975443883495,-0.04217712081209811,47.87166,-122.31767999999998,High,7.383989457978509
98027.0,2183,0.007553783942989582,0.4974027948859339,0.02390209272380234,47.5301,-122.03439,High,7.688913336864796
98028.0,1418,-0.011687320218351012,0.4162674387169566,-0.04478992403567107,47.75892,-122.24369,High,7.257707677160043
98029.0,2571,-0.23911366309570156,0.7314430596673492,-0.0987853085477891,47.54748,-122.00292000000002,High,7.85243908535751
98030.0,839,-0.21190058654002167,0.5618467779830839,-0.15554391306769033,47.37483,-122.19975,High,6.733401891837359
98031.0,1460,-0.380773763740176,0.5428293851625828,0.008433654804031979,47.41185,-122.17743,High,7.2868764117507
98032.0,914,-0.4012306009546273,0.5461787374069551,-0.05538329838769777,47.3807,-122.23741,High,6.818924065275521
98033.0,4071,0.06415773016621476,0.5649906089225903,-0.0018095587378806417,47.67887,-122.2066,High,8.311889558230359
98034.0,3094,-0.05841494736588747,0.4880874497766022,0.0007058752519363884,47.72201,-122.22900999999999,High,8.037543185118697
98035.0,12,-1.3340048823157002,0.8945442820682232,-0.19395928342208066,47.380500000000005,-122.23427,Low,2.5649493574615367
98036.0,1678,-0.19205579469285913,0.5467470425480546,-0.017072229684742684,47.82557,-122.29245,High,7.425953657077541
98037.0,1134,-0.34143550288849567,0.5839717518797719,-0.05400136447086476,47.83785,-122.27733999999998,High,7.034387929915503
98038.0,2102,-0.4005527101372682,0.5694900313146115,-0.04429329633736719,47.39394,-122.04526,High,7.6511201757027
98039.0,414,0.4422031744204195,0.6803395810780652,0.30219361787227494,47.61613,-122.23892,High,6.028278520230698
98040.0,2961,0.19241625906553153,0.4080773141486725,0.05786018528352942,47.57815999999999,-122.21238,High,7.993619994827744
98041.0,2,-0.6263639441348566,-3.750637662261206,-0.19395928342208066,47.76099,-122.19977,Low,1.0986122886681098
98042.0,1881,-0.211098507730532,0.4816841208569807,-0.07045277896912053,47.33778,-122.09124,High,7.540090320145325
98043.0,660,-0.1456735639848692,0.4108311209231752,-0.17237793058836828,47.78803,-122.31110999999999,High,6.493753839851686
98045.0,984,-0.1949680289903762,0.49800435999132076,-0.03174730276801154,47.493480000000005,-121.7831,High,6.892641641172089
98047.0,118,-0.11568021138715567,0.07143808237964956,-0.0033509377598841023,47.26465,-122.24692,Medium,4.77912349311153
98050.0,5,1.2842665889534213,0.30333930733538716,-0.19395928342208066,47.54369,-121.93846,Low,1.791759469228055
98051.0,127,0.2987432531134859,0.3192998465857673,-0.19395928342208066,47.35298,-121.98233,Medium,4.852030263919617
98052.0,6093,-0.2351430810830445,0.6830877654672194,-0.08244379027395979,47.67858,-122.13158,High,8.715059959545654
98053.0,2291,0.04800194063935399,0.6488386540458779,-0.016233503097298613,47.68555,-122.03287,High,7.73718007783463
98055.0,894,-0.2077159662782032,0.37589370500154506,0.010037777751145449,47.43876,-122.197,High,6.796823718274855
98056.0,1700,-0.16155088587514527,0.6222919071492364,0.02526108731121124,47.50006,-122.18050000000001,High,7.438971592395862
98057.0,1103,-0.42889170408765465,-2.285068018900697,-0.10234384927894574,47.47532,-122.20488999999999,High,7.00669522683704
98058.0,1752,-0.26153418843281495,0.512748505821969,-0.08027216806048172,47.4466,-122.08747000000001,High,7.469083884921234
98059.0,2631,-0.17363051054647383,0.6253770065545763,-0.019917127056396016,47.48852,-122.15716,High,7.875499292445208
98065.0,1183,-0.30827160887530186,0.5415061707225071,-0.1250028116184228,47.52716,-121.82432,High,7.076653815443951
98068.0,37,0.30313199088106224,0.08420541708692265,-0.001476947337619122,47.41873,-121.41203,Medium,3.6375861597263857
98070.0,817,0.45640464438395933,0.14455440766942482,-0.058947406537930847,47.44929,-122.4573,High,6.706862336602747
98072.0,3160,0.09877927059565872,0.45408053959095634,0.044527879760147694,47.75448,-122.15545,High,8.058643712215618
98074.0,3333,-0.05895001506170213,0.7041150083501114,-0.01944731960233508,47.60326,-122.02054,High,8.111928063310739
98075.0,2788,-0.08500557299662057,0.6624972382860176,-0.02580028548217722,47.61344,-122.03539,High,7.933438387627489
98077.0,94,0.34153399562617576,0.45428525833100464,0.1344702503501396,47.75424999999999,-122.07326,Medium,4.553876891600541
98087.0,1589,-0.29869749731236117,0.7013383049798605,-0.034298396636884124,47.85727,-122.27981,High,7.371489295214277
98092.0,1513,-0.22018031733956017,0.348889610364562,-0.046084009050309495,47.3199,-122.1821,High,7.322510433997394
98101.0,783,-0.12923359703298853,0.4949065460008711,0.0019836833348034007,47.610850000000006,-122.34223,High,6.664409020350408
98102.0,1035,0.20920909906037888,0.1270794390920569,0.04557244505573282,47.63433,-122.32427,High,6.943122422819428
98103.0,2858,0.0023527100630361957,0.14659877019738013,-0.029405498302851142,47.67596,-122.35436,High,7.958227192322312
98104.0,1179,0.0716565756207004,0.33256645257844963,-0.08678437048321133,47.60357,-122.32945,High,7.07326971745971
98105.0,1940,0.053409072562988935,0.20930375907154844,-0.05349163376261698,47.66127,-122.31307,High,7.57095858316901
98106.0,1072,-0.04352204880962701,0.3903182908248659,-0.025782602548201177,47.54287,-122.35162999999999,High,6.9782137426306985
98107.0,1377,0.017076143289772944,0.36001255110062624,-0.05406906442756775,47.67597,-122.38591,High,7.228388451573604
98108.0,958,0.1542359777409222,0.47049180242835714,-0.0918196661259778,47.55379,-122.30346,High,6.8658910748834385
98109.0,1839,-0.17376069201709263,0.4956772576329958,-0.08724161284958962,47.63824,-122.35022,High,7.517520850603031
98110.0,2257,0.14073155328019513,0.05501750137759803,0.054991876165293906,47.62728,-122.521,High,7.722234744709607
98112.0,1852,0.19044714803871196,0.1375246445670597,0.07749649875154255,47.64085,-122.30207,High,7.52456122628536
98115.0,3578,0.003748976224050096,0.2772796454290923,-0.018624306820639935,47.68156,-122.31676,High,8.182838710766026
98116.0,1532,-0.08504238162398842,0.2054299418816834,-0.019241465373654766,47.57894,-122.41066999999998,High,7.334981878871814
98117.0,2407,-0.0355893882070852,0.16523124272927106,-0.04791903341524986,47.70044,-122.38418000000001,High,7.786551806428712
98118.0,2049,-0.035355731176038616,0.30284467861776926,-0.022176643155412352,47.55115,-122.2668,High,7.6255950721324535
98119.0,1250,-0.02626825390748567,0.2790154455178075,0.006017747827279461,47.64586,-122.3684,High,7.1316985104669115
98121.0,1094,-0.4047294716581325,0.5525440159326183,-0.09320195598156135,47.61578,-122.34468,High,6.9985096422506015
98122.0,1695,0.05672874203121791,0.39003940476776233,-0.043540466871637165,47.60803,-122.31009,High,7.4360278163518485
98124.0,4,0.799027088486557,1.3168335497345351,-0.19395928342208066,47.58064,-122.32851,Low,1.6094379124341003
98125.0,1970,0.0076340998920111395,0.285333064450123,-0.06159489257702476,47.72656,-122.30253,High,7.58629630715272
98126.0,1110,-0.006973207897029397,0.14355417902921508,-0.0643266577174044,47.54701,-122.36893,High,7.01301578963963
98133.0,1910,-0.00857276337030309,0.3749737171384681,-0.08183883434544295,47.71871,-122.35029,High,7.555381944240273
98134.0,649,-0.2787896563389653,1.2387523292107179,-0.17017471009805238,47.58616,-122.32741,High,6.476972362889683
98136.0,1020,0.08567745030022081,0.1344236002688625,-0.004476383284629172,47.53755,-122.38415,High,6.928537818164665
98144.0,1606,-0.021363044541246937,0.2093102649210202,-0.019516087804389234,47.57874,-122.30866,High,7.382124365737512
98146.0,884,-0.008253078756498717,0.2849955201426419,-0.03725443023460356,47.49408,-122.36178,High,6.785587645007929
98148.0,1029,-0.8192631503153489,-0.8204672335561858,-0.1720369952564641,47.46233,-122.32863,High,6.937314081223682
98155.0,1741,0.0315905781272746,0.3039214407313657,-0.05541577917627404,47.75781,-122.3175,High,7.462789157412448
98158.0,10,-1.3542231948351529,0.8100864285349612,-0.19395928342208066,47.45384,-122.30132999999998,Low,2.3978952727983707
98164.0,1,6.652228562868107,1.3168335497345351,-0.19395928342208066,47.60574,-122.3326,Low,0.6931471805599453
98166.0,856,0.33752520961087273,0.2749235809129808,-0.018596133589570667,47.46593,-122.34134,High,6.75343791859778
98168.0,1007,-0.26770473292210295,0.6274159171194243,-0.08649260919490981,47.50314,-122.3317,High,6.915723448631314
98177.0,1481,0.08150907460833061,0.2698070872965227,0.011604263007650559,47.72238,-122.36498000000002,High,7.301147805856032
98178.0,873,-0.15060829129309655,0.4983760000307558,-0.003545050969061974,47.49461,-122.23825,High,6.773080375655535
98188.0,1164,-0.40057541798334,-0.6422403724287666,-0.06362260687419906,47.43473,-122.29178999999999,High,7.060476365999801
98198.0,820,-0.12647849533073027,0.12412386203309858,-0.05064710416506384,47.40172999999999,-122.3219,High,6.710523109452428
98199.0,1607,-0.01615338065883042,0.2541466807596971,-0.05709057548920172,47.65908,-122.40092,High,7.382746449738912
98201.0,613,0.0050707769559456845,0.3000326377027632,-0.032477807668331,47.97659,-122.20596,High,6.419994928147142
98203.0,836,-0.008169691185108413,0.2742437788454594,-0.04436907400064486,47.94949,-122.23018999999998,High,6.729824070489475
98204.0,713,-0.06719858008003558,0.31471091173818233,-0.106634452512121,47.88936,-122.27557000000002,High,6.570882962339584
98206.0,4,-1.2708226556924107,0.049965746735599864,-0.19395928342208066,48.01306,-122.31902,Low,1.6094379124341003
98208.0,1694,-0.23241119886576903,0.44333792169276637,-0.036873628546675134,47.89251,-122.18637,High,7.43543801981455
98220.0,10,-0.8659509474903707,-0.7101549350637615,-0.19395928342208066,48.71768,-122.20347999999998,Low,2.3978952727983707
98221.0,936,0.13311882101894273,0.006654026974952658,0.016610117735712044,48.51748,-122.61214,High,6.842683282238422
98223.0,852,-0.0005217421682774755,0.2581365124865985,0.014054773690320778,48.19471,-122.1264,High,6.748759547491679
98224.0,8,1.291848456148216,1.3168335497345351,1.7355642274897134,47.77193,-121.48491,Low,2.1972245773362196
98225.0,1415,0.27462978910834296,-0.03687960795761331,0.019775312788673338,48.75245,-122.47106999999998,High,7.255591274253665
98226.0,1281,0.030896936620465533,0.02326361505646565,-0.020691145436861662,48.7999,-122.49756,High,7.156176637480615
98229.0,1427,0.13084515546806486,0.10944727637885769,-0.08441741374148473,48.74490000000001,-122.45486000000001,High,7.2640301428995295
98230.0,560,0.0712761501747577,0.16760347129978687,0.12484587390043832,48.99404,-122.74888,High,6.329720905522696
98231.0,1,-1.414878132393511,1.3168335497345351,-0.19395928342208066,48.99342,-122.74676,Low,0.6931471805599453
98232.0,150,0.23776673294655074,-0.000708965384357592,-0.043793219053551914,48.56045,-122.39699999999999,Medium,5.017279836814924
98233.0,314,-0.4485522561652115,0.4130807221174605,0.03063223880425791,48.46846,-122.33029,Medium,5.752572638825633
98235.0,3,1.0012102136810839,-0.3723235209307121,-0.19395928342208066,48.46376,-122.23452000000002,Low,1.3862943611198906
98236.0,316,0.2427675661950332,0.2103287597734395,-0.1018211376818132,47.9796,-122.35803,Medium,5.75890177387728
98237.0,50,0.7389787003037824,0.4046887315753015,-0.19395928342208066,48.53892,-121.7515,Medium,3.9318256327243257
98239.0,314,0.28732349105951754,0.009619638359837323,-0.1714892302346767,48.21857,-122.68558,Medium,5.752572638825633
98240.0,37,-0.5304635698871825,0.3581227798975033,0.2232349892074964,48.91865,-122.64218999999999,Medium,3.6375861597263857
98241.0,24,0.1899504238380451,1.1056889159013794,-0.19395928342208066,48.25431,-121.60421000000001,Medium,3.2188758248682006
98243.0,3,1.3449215265117793,-0.3723235209307121,-0.19395928342208066,48.61989,-123.00025999999998,Low,1.3862943611198906
98244.0,60,-0.17448465932508933,0.38779716086864924,-0.19395928342208066,48.82651,-122.21723,Medium,4.110873864173311
98245.0,360,0.6743474946165988,0.14849990919107284,0.09631270047983027,48.69389,-122.91109,High,5.8888779583328805
98247.0,107,0.6590105503845528,0.559080845137041,0.08218446881141504,48.92009,-122.34527,Medium,4.68213122712422
98248.0,524,-0.0022778833602625725,0.12733171943782506,0.10477349581374602,48.84787,-122.5945,High,6.263398262591624
98249.0,265,0.125413951753547,-0.021743751547359004,0.07078548805161378,48.00956,-122.52664,Medium,5.583496308781699
98250.0,551,0.778331755889513,0.29598181737241647,0.06554890137193653,48.53448,-123.01648,High,6.313548046277095
98251.0,103,-0.18676286755898985,0.2344610578519496,0.2434176030881972,47.85565,-121.69743,Medium,4.6443908991413725
98252.0,208,0.00409747413999948,0.2205056432931488,0.1792740953847239,48.081570000000006,-121.96930999999998,Medium,5.342334251964811
98253.0,113,0.27326150142096695,0.1957116001779552,0.14168649423662327,48.08827,-122.56817,Medium,4.736198448394496
98255.0,2,-1.414878132393511,1.3168335497345351,-0.19395928342208066,48.51786,-121.98741,Low,1.0986122886681098
98256.0,4,0.6777172133698409,0.049965746735599864,-0.19395928342208066,47.82035,-121.55352,Low,1.6094379124341003
98257.0,132,0.06611325965639761,-0.02681412011282039,-0.14050779326416518,48.38874,-122.49724,Medium,4.890349128221754
98258.0,2093,-0.20925619627176675,0.5178533777524069,0.0006903280418736955,48.01497,-122.06402,High,7.646831391430482
98260.0,333,0.4743501329376887,-0.05275326431836794,0.22502552256642164,48.0399,-122.40618,Medium,5.811140992976701
98261.0,178,0.1887293740651007,-0.19202023810689314,-0.026660094888570247,48.52342,-122.91394999999999,Medium,5.187385805840755
98262.0,57,0.3574165781932485,-0.2834205172114883,-0.19395928342208066,48.72052,-122.68326,Medium,4.060443010546419
98263.0,2,2.1940906523287915,1.3168335497345351,-0.19395928342208066,48.52525,-122.05976,Low,1.0986122886681098
98264.0,336,-0.07712987413097466,0.06504750629511095,0.12502858646125087,48.942899999999995,-122.45079,High,5.820082930352362
98266.0,51,0.297137213003673,0.2238495628334929,-0.055614250072181765,48.92369,-122.07728,Medium,3.9512437185814275
98267.0,1,-0.14112444366799237,-3.750637662261206,-0.19395928342208066,48.52739,-121.41604,Low,0.6931471805599453
98270.0,1425,-0.258752457662745,0.5344871170053679,-0.039860076934178056,48.06114,-122.17690000000002,High,7.262628600974241
98271.0,571,0.17734053496590846,0.48260886684907145,-0.11525630078327462,48.11026,-122.1677,High,6.349138991379798
98272.0,1138,-0.19357124380632648,0.41733514479328737,-0.11373772468907413,47.8526,-121.98087,High,7.037905963447182
98273.0,518,0.26472500339237237,0.13311923187452623,-0.05133477503435838,48.41644,-122.33891,High,6.251903883165888
98274.0,434,0.1765453099498597,0.39441367473991845,0.11136447275959349,48.41566,-122.32355000000001,High,6.075346031088684
98275.0,1070,-0.2688682771144968,0.46436175706235433,0.007730912295545386,47.89908,-122.29196,High,6.976348070447749
98276.0,16,0.7838633540969675,1.0001165989848013,-0.19395928342208066,48.92857,-122.32181,Low,2.833213344056216
98277.0,703,-0.1255508786192247,-0.1969202973765683,-0.06734972722649972,48.29077,-122.64682,High,6.556778356158042
98278.0,1,-0.7780012880307516,-3.750637662261206,-0.19395928342208066,48.33858,-122.67154,Low,0.6931471805599453
98279.0,56,0.5428682896909915,0.1404563040926669,0.46380593550309246,48.62356,-122.8357,Medium,4.04305126783455
98280.0,4,-0.7931650224203411,-1.2169020562633355,-0.19395928342208066,48.5982,-122.94093,Low,1.6094379124341003
98281.0,79,0.40860891445586,0.2263650610772236,0.24518979908528843,48.98867,-123.05688,Medium,4.382026634673881
98282.0,658,0.24257795388013112,0.3002587777232316,0.06115589141641639,48.23986,-122.40049000000002,High,6.490723534502507
98283.0,2,2.830967496691551,-1.2169020562633355,-0.19395928342208066,48.48758,-121.59274,Low,1.0986122886681098
98284.0,341,0.2226273079649758,-0.1246465310970978,0.01868099273544225,48.50858,-122.23857,High,5.834810737062605
98286.0,17,0.21566930667529016,-0.4716857015580792,-0.19395928342208066,48.58348,-122.92990999999999,Low,2.8903717578961645
98288.0,8,0.9961556355512207,0.6833996482350675,-0.19395928342208066,47.71192,-121.35912,Low,2.1972245773362196
98290.0,1290,0.11315610076270552,0.3544068466810804,-0.00013258990755168204,47.91265,-122.09305,High,7.1631723908466425
98292.0,649,0.1185048576218668,0.2705451947153838,0.053293095448284526,48.24159,-122.37265,High,6.476972362889683
98294.0,288,-0.11637807157387065,0.5778273313184894,-0.06993272647963006,47.8623,-121.81688000000001,Medium,5.666426688112432
98295.0,25,-0.4504646252156183,-0.30475723810410177,0.15932846624964328,48.99976000000001,-122.26494999999998,Medium,3.258096538021482
98296.0,1572,-0.14967092500970766,0.5109380007530244,-0.04706918131694258,47.87114999999999,-122.1389,High,7.360739903058278
98297.0,4,2.1485994491600233,1.3168335497345351,-0.19395928342208066,48.68843,-123.03598,Low,1.6094379124341003
98303.0,57,0.4074302986361053,0.24999750510385288,0.34766135121982633,47.17794000000001,-122.67876,Medium,4.060443010546419
98304.0,28,0.4394299586762917,0.41192797616386695,-0.19395928342208066,46.75908,-122.03243,Medium,3.367295829986474
98305.0,1,-0.2624343187847084,-3.750637662261206,-0.19395928342208066,48.05431,-124.33152,Low,0.6931471805599453
98310.0,355,0.13113933942846812,0.003573404653948775,-0.09641976853813158,47.5752,-122.61136,High,5.87493073085203
98311.0,532,0.037077938669815146,0.059491068562659316,-0.13208883922114853,47.62631,-122.60915,High,6.278521424165844
98312.0,937,-0.3496945704695181,0.278461647169773,-0.07304585875067945,47.57192,-122.65223,High,6.843749949006225
98314.0,4,0.10149530656543972,1.3168335497345351,-0.19395928342208066,47.55915,-122.65058,Low,1.6094379124341003
98315.0,38,-0.572891828129462,-0.2834205172114883,0.06232258339882174,47.68926,-122.70835,Medium,3.6635616461296463
98320.0,35,-0.0900009962973764,0.30333930733538716,-0.19395928342208066,47.69838,-122.89646,Medium,3.58351893845611
98321.0,373,-0.10925214403947174,0.1620478848025296,0.1653226758983801,47.16298999999999,-122.02522999999998,High,5.924255797414532
98323.0,14,1.784669823809875,1.3168335497345351,0.9086255799560874,47.08040999999999,-122.04745,Low,2.70805020110221
98325.0,38,-0.28557896601092403,0.24999750510385288,-0.19395928342208066,48.01182,-122.77328,Medium,3.6635616461296463
98326.0,1,-0.29276178756388743,-3.750637662261206,-0.19395928342208066,48.25371,-124.26015,Low,0.6931471805599453
98327.0,264,-0.36926972016590726,-0.06520405353703052,-0.06426204478382097,47.09583,-122.62954,Medium,5.579729825986222
98328.0,192,-0.09042070680280247,-0.05560657018097827,-0.06756146139558353,46.86733,-122.26832,Medium,5.262690188904886
98329.0,331,0.08866797838089277,0.3523299655782462,0.08000972094354263,47.38336,-122.6658,Medium,5.805134968916488
98330.0,5,-1.414878132393511,1.3168335497345351,-0.19395928342208066,46.76455,-122.19367,Low,1.791759469228055
98331.0,29,0.235354479108023,-0.6053107030914355,-0.19395928342208066,47.95014,-124.38543,Medium,3.4011973816621555
98332.0,1026,-0.07352315604812651,0.24999750510385288,-0.027875418213088466,47.34235,-122.58964,High,6.934397209928558
98333.0,274,0.11278509421316321,-0.0517535659139497,-0.05308188313602987,47.27375,-122.65106999999999,Medium,5.616771097666572
98335.0,1330,-0.08550888250076102,0.18522531667984735,-0.028867934305556505,47.328,-122.58009,High,7.193685818395112
98336.0,8,-0.8993111631474677,-1.2169020562633355,-0.19395928342208066,46.53072,-122.13017,Low,2.1972245773362196
98337.0,137,0.0009940596621749178,-0.0517535659139497,-0.029785671829823748,47.565,-122.62749000000001,Medium,4.927253685157205
98338.0,505,-0.008884668912047394,0.042439799391051726,0.08350247499909433,47.05703,-122.29477,High,6.226536669287466
98339.0,70,0.41386823499098346,-0.05862292209288048,-0.19395928342208066,48.03591,-122.75878000000002,Medium,4.2626798770413155
98340.0,98,-0.07551808263548274,0.2826557513680574,0.006817972508830363,47.91795,-122.54758,Medium,4.59511985013459
98342.0,62,0.4756971390827291,-0.23610117652222398,0.05501149217944116,47.7487,-122.51843,Medium,4.143134726391533
98344.0,6,1.6785236830827484,1.3168335497345351,-0.19395928342208066,46.98436,-122.23469,Low,1.9459101490553132
98345.0,16,-0.06909670531744223,0.6833996482350675,-0.19395928342208066,47.70251,-122.62316,Low,2.833213344056216
98346.0,355,0.15130069895490839,0.0606716718313655,0.07937530101674094,47.79802,-122.4977,High,5.87493073085203
98349.0,136,0.1229029315860366,0.049965746735599864,-0.008849731756722991,47.25035,-122.75493,Medium,4.919980925828125
98351.0,30,0.12171361908489232,-0.20340781386418744,0.0769285189682065,47.21454000000001,-122.75904999999999,Medium,3.4339872044851463
98354.0,156,-0.03031253851329985,0.24486848565851285,-0.1483064216584584,47.24898,-122.32172000000001,Medium,5.056245805348308
98355.0,16,0.3498014571949679,0.6833996482350675,-0.19395928342208066,46.71902,-122.18768,Low,2.833213344056216
98356.0,22,0.21866961775772237,0.39547514755349156,-0.19395928342208066,46.55539999999999,-122.27513999999998,Medium,3.1354942159291497
98357.0,9,-0.3702653188884561,-0.3723235209307121,-0.19395928342208066,48.36778,-124.62735,Low,2.302585092994046
98358.0,62,1.071974307499168,0.4994994832836093,0.4177822145687829,48.05105,-122.69107,Medium,4.143134726391533
98359.0,142,-0.3655904273786765,0.5674187930309396,-0.19395928342208066,47.42602,-122.54728999999999,Medium,4.962844630259907
98360.0,252,0.12508333783813452,0.19072883595770385,-0.0002532977875017784,47.09596,-122.20166,Medium,5.53338948872752
98361.0,33,-0.2247547363620921,-0.3723235209307121,-0.19395928342208066,46.61018,-121.66932,Medium,3.5263605246161616
98362.0,427,0.022516043608889192,-0.23782389469507167,-0.04041091411840184,48.11892,-123.43112,High,6.059123195581797
98363.0,229,0.013691324903449755,-0.14366033669218503,-0.126552348543066,48.12636,-123.45711,Medium,5.438079308923196
98365.0,224,-0.22655584009505467,-0.040524810621467185,-0.19395928342208066,47.92989,-122.68475,Medium,5.41610040220442
98366.0,741,-0.09643133178288649,0.06535280507161932,-0.030558173172377117,47.54102999999999,-122.63847000000001,High,6.60934924316738
98367.0,909,-0.1655465637409946,0.07923331974217615,-0.06244493650630185,47.50524,-122.68471,High,6.813444599510896
98368.0,805,0.4130959205686567,-0.10583538680091514,-0.12356722621169615,48.1212,-122.77263000000002,High,6.692083742506628
98370.0,1055,0.0126401350048308,0.04396163392517817,0.028409571918402793,47.73689,-122.64681,High,6.962243464266207
98371.0,639,-0.20828151459528232,0.21451978061496063,0.057936582883854774,47.19045,-122.29521,High,6.461468176353717
98372.0,591,-0.13655736292121254,0.28790538486230316,-0.06685918688840131,47.19434,-122.28504,High,6.3835066348840055
98373.0,469,-0.12547572843438617,0.20393475477598227,0.05597219458749871,47.13795,-122.2988,High,6.152732694704104
98374.0,1065,-0.2427001067058623,0.24148285122651886,-0.08982589827174217,47.13959,-122.27575,High,6.97166860472579
98375.0,557,-0.34557623050069824,0.3433696005719781,-0.04179502240021633,47.10424,-122.30855,High,6.324358962381311
98376.0,61,0.4137190835051843,0.23688066848954106,-0.0024504886994391353,47.82642,-122.8775,Medium,4.127134385045092
98377.0,8,1.2274025849924606,-1.8503359577628031,-0.19395928342208066,46.53534,-121.95585,Low,2.1972245773362196
98380.0,135,-0.2974793938184265,-0.07202893059022329,-0.07961714944212249,47.64509,-122.81584999999998,Medium,4.912654885736052
98381.0,7,1.3102615621927176,-0.8549398268350684,-0.19395928342208066,48.25978,-124.30040999999999,Low,2.0794415416798357
98382.0,808,0.08111434672992703,-0.10682482294248632,-0.11031352774359307,48.07965,-123.10367,High,6.695798917058491
98383.0,501,-0.042272634254021606,0.24467397194701287,-0.06981486285417447,47.65171,-122.69275,High,6.218600119691729
98385.0,5,3.3404689721817586,-0.7101549350637615,-0.19395928342208066,47.13954,-122.09624,Low,1.791759469228055
98387.0,645,-0.006978291067995899,0.15406496155566715,0.026171293608802968,47.06512,-122.41046,High,6.470799503782602
98388.0,217,0.26431328411264493,0.05580384721024917,0.11556232458610594,47.17302999999999,-122.59802000000002,Medium,5.384495062789089
98390.0,272,-0.7497922821442359,0.5343563772940163,0.032389915948723674,47.2022,-122.23972,Medium,5.60947179518496
98391.0,1995,-0.2310731317714521,0.3947823968751598,-0.05134856677835946,47.19175,-122.17144,High,7.59890045687141
98392.0,98,0.48615901771359804,0.024111301776438172,-0.12196339871958226,47.73162,-122.55242,Medium,4.59511985013459
98394.0,33,0.9506644323824521,0.2419154138566505,0.2738039919504754,47.34347,-122.76355,Medium,3.5263605246161616
98396.0,6,-0.11585155301867647,-0.3723235209307121,1.160479728529355,47.10963999999999,-122.04732,Low,1.9459101490553132
98402.0,213,-0.11990945377082013,0.293822929472484,-0.16052338466562488,47.25517000000001,-122.44164,Medium,5.365976015021851
98403.0,235,-0.11841110534826685,0.19552077090994568,0.2711984253540253,47.26541,-122.45782,Medium,5.4638318050256105
98404.0,444,0.023832396651190663,0.3581227798975033,-0.13599076592687653,47.21584,-122.41249,High,6.09807428216624
98405.0,395,0.18026994698933266,-0.017386718740292694,-0.07281172080726926,47.24737,-122.48271,High,5.981414211254481
98406.0,573,-0.006635616149853014,-0.00972959476696804,0.08107924403044102,47.26887,-122.52082,High,6.352629396319567
98407.0,817,-0.10392967779683283,-0.04772418176982605,-0.09332915358177285,47.29238,-122.51134,High,6.706862336602747
98408.0,281,0.02335620551161186,0.09054158384232734,-0.07195132082414217,47.20144,-122.44718,Medium,5.641907070938114
98409.0,429,0.21248394522117636,0.06473110574491167,0.0002085469625657134,47.2198,-122.47913,High,6.063785208687608
98411.0,1,-1.414878132393511,1.3168335497345351,-0.19395928342208066,47.22077,-122.47254,Low,0.6931471805599453
98416.0,2,-1.111603444601721,-1.2169020562633355,-0.19395928342208066,47.26438,-122.48107,Low,1.0986122886681098
98417.0,1,-1.414878132393511,1.3168335497345351,-0.19395928342208066,47.27229,-122.48775,Low,0.6931471805599453
98418.0,149,0.06465455590079934,0.09247808911811456,0.08282232456077308,47.22283,-122.44629,Medium,5.0106352940962555
98421.0,30,-0.9336822944305373,0.6411707214684365,-0.19395928342208066,47.2556,-122.40527,Medium,3.4339872044851463
98422.0,789,-0.09818935795653115,0.41123983504328115,-0.030141631434124877,47.285959999999996,-122.37684,High,6.672032945461067
98424.0,296,-0.565606548911704,-0.08699293466969017,-0.026320597692706598,47.23679,-122.35686,Medium,5.6937321388027
98431.0,1,5.257164999025872,1.3168335497345351,-0.19395928342208066,47.10964,-122.55411,Low,0.6931471805599453
98433.0,166,-0.2494629315357824,0.21786388930172365,-0.10097019855886168,47.08798,-122.60761,Medium,5.117993812416755
98438.0,1,-0.2624343187847084,-3.750637662261206,-0.19395928342208066,47.13872,-122.50156,Low,0.6931471805599453
98439.0,221,-1.272160632256198,1.2021848797798802,-0.14109938985610268,47.12717,-122.52968,Medium,5.402677381872279
98443.0,98,-0.3227797923759321,0.2826557513680574,0.028901217268908118,47.19449,-122.36462999999999,Medium,4.59511985013459
98444.0,364,-0.15728798472063185,0.17526036461461555,0.04841039464525627,47.15258,-122.43828,High,5.8998973535824915
98445.0,431,-0.21437478009287728,0.19987353780971967,0.07290468875515596,47.16568,-122.40872,High,6.068425588244111
98446.0,215,-0.2931849615468528,0.044073338349558185,0.08295433459266181,47.09665,-122.37747,Medium,5.375278407684165
98447.0,1,-1.414878132393511,1.3168335497345351,-0.19395928342208066,47.14548,-122.44388,Low,0.6931471805599453
98465.0,176,0.1063201311439454,0.4242675976216489,-0.036365218543343944,47.24991,-122.5354,Medium,5.176149732573829
98466.0,788,-0.03936577938861503,0.19787417043598293,-0.04858399404306371,47.23451,-122.53166,High,6.670766320845874
98467.0,443,-0.2659942022531449,0.17293485628177205,0.08611907026752852,47.20761000000001,-122.53787,High,6.095824562432225
98493.0,3,-1.414878132393511,1.3168335497345351,-0.19395928342208066,47.13564,-122.57621999999999,Low,1.3862943611198906
98496.0,1,-1.414878132393511,1.3168335497345351,-0.19395928342208066,47.16826,-122.50992,Low,0.6931471805599453
98498.0,547,0.17772980303960992,0.02912148672282057,-0.0810400227384655,47.17669,-122.54764000000002,High,6.306275286948016
98499.0,414,0.10215459936498705,0.15400803007367658,0.146253371751866,47.16196,-122.51495,High,6.028278520230698
98501.0,2643,-0.035408601873600974,0.22396234623942615,-0.11858631987452657,47.03954,-122.89165000000001,High,7.880048200971577
98502.0,1227,0.2107186843447324,0.03241338108687785,0.00021848977798364906,47.03779,-122.92333000000002,High,7.113142108707088
98503.0,835,-0.028059281620586136,0.10913681777387364,-0.06034904087368207,47.04437000000001,-122.82324,High,6.728628613084702
98504.0,64,-1.414878132393511,1.3168335497345351,-0.19395928342208066,47.03956,-122.89166,Medium,4.174387269895637
98506.0,714,0.28910935362094914,-0.00326399288620395,-0.026867370741293434,47.05997,-122.87741000000001,High,6.5722825426940075
98507.0,1,-1.414878132393511,1.3168335497345351,-0.19395928342208066,47.04117,-122.89588,Low,0.6931471805599453
98509.0,1,5.105527655129977,1.3168335497345351,-0.19395928342208066,47.03521,-122.80738,Low,0.6931471805599453
98512.0,823,0.11553511896503536,0.04842641769185864,0.013093273113644728,47.01359,-122.9131,High,6.714170529909472
98513.0,900,0.007143181474660474,0.044335223166715954,-0.06070039661125367,46.98876,-122.81754,High,6.803505257608338
98516.0,1047,-0.26431711293050264,0.15039557257028136,-0.12088736622145851,47.08149,-122.75103,High,6.954638864880987
98520.0,232,0.22960271778783387,-0.2776724781779181,-0.06088869646264659,46.976060000000004,-123.81619,Medium,5.4510384535657
98524.0,108,-0.016164039901930605,0.09688677647630138,-0.10071891665730791,47.38173,-122.82984,Medium,4.6913478822291435
98526.0,4,-1.043366639848568,-1.2169020562633355,-0.19395928342208066,47.45917,-123.89691,Low,1.6094379124341003
98527.0,1,-0.2624343187847084,-3.750637662261206,-0.19395928342208066,46.63188,-123.95518,Low,0.6931471805599453
98528.0,215,0.13901673305502865,0.020503704805392015,0.11715768577920085,47.44998,-122.82801999999998,Medium,5.375278407684165
98530.0,3,-0.6769097254334884,1.3168335497345351,-0.19395928342208066,46.79818,-122.86892,Low,1.3862943611198906
98531.0,401,-0.14679666351447226,-1.4127768786721484,-0.024507552432656073,46.72895,-122.95266000000001,High,5.996452088619021
98532.0,321,0.029125085117305365,-0.19867185946045304,-0.09778365670996632,46.6621,-122.96461999999998,Medium,5.7745515455444085
98533.0,9,-0.4140716626806035,0.19072883595770385,-0.19395928342208066,46.60409,-122.49165,Low,2.302585092994046
98535.0,11,1.6647384700013035,-0.06520405353703052,-0.19395928342208066,47.11487,-124.16705,Low,2.4849066497880004
98536.0,2,4.271522263702554,1.3168335497345351,-0.19395928342208066,47.11059,-124.07463,Low,1.0986122886681098
98537.0,25,-0.08289570361196863,-0.30475723810410177,-0.19395928342208066,46.9541,-123.76897,Medium,3.258096538021482
98538.0,8,-0.3534167251222455,-0.5834681547638678,-0.19395928342208066,46.56094,-123.13056,Low,2.1972245773362196
98541.0,93,0.393356430838184,-0.15436776987713147,0.10250234112584493,47.003789999999995,-123.40382,Medium,4.543294782270004
98542.0,9,-0.040032881070728936,-0.3723235209307121,-0.19395928342208066,46.53239,-122.7478,Low,2.302585092994046
98544.0,1,5.105527655129977,1.3168335497345351,-0.19395928342208066,46.74162,-123.02628,Low,0.6931471805599453
98546.0,96,-0.023921413281790083,-0.0028204117226889184,-0.07227140344206887,47.32766999999999,-122.82364,Medium,4.574710978503383
98547.0,19,-0.2688190490540093,-0.8168385395268295,-0.19395928342208066,46.80933,-124.09366,Medium,2.995732273553991
98548.0,65,0.30818867070661365,0.2253782117662216,0.04352053330552477,47.40639,-123.14135,Medium,4.189654742026425
98550.0,71,-0.18127630374183504,-0.11062312970088468,0.08534710805045209,46.97982,-123.88689,Medium,4.276666119016055
98555.0,15,0.1965213754068673,0.6411707214684365,-0.19395928342208066,47.47203,-123.0921,Low,2.772588722239781
98557.0,61,-0.16399433815720937,0.3199539670468484,-0.19395928342208066,47.04946,-123.26405,Medium,4.127134385045092
98562.0,7,0.48275491407511867,-0.8549398268350684,-0.19395928342208066,47.23932,-124.21349,Low,2.0794415416798357
98563.0,113,-0.10784474341473398,-0.20789230166241363,-0.19395928342208066,46.98384,-123.60076,Medium,4.736198448394496
98564.0,38,0.8125946403088212,-0.01671150605381799,0.36858231993990004,46.52948,-122.48446000000001,Medium,3.6635616461296463
98565.0,7,0.0451728645469645,-1.5788642856916029,-0.19395928342208066,46.57623,-122.90811999999998,Low,2.0794415416798357
98568.0,37,0.16133058280544163,-0.8745053527501099,0.2542410585395515,46.84077,-123.23286,Medium,3.6375861597263857
98569.0,198,-0.5315523119413627,-0.39791680988018513,-0.07623774380459544,47.01156,-124.16407999999998,Medium,5.293304824724492
98570.0,42,-0.2097222897161353,-0.49297759740680075,0.173569004370642,46.57613,-122.69891,Medium,3.7612001156935624
98571.0,33,0.21177701121699968,0.39547514755349156,0.019846677209581245,47.20886,-124.20177,Medium,3.5263605246161616
98572.0,3,3.4476260285348577,1.3168335497345351,-0.19395928342208066,46.57001,-123.29831,Low,1.3862943611198906
98575.0,5,0.5382108569856177,-0.7101549350637615,-0.19395928342208066,47.46807,-123.84618,Low,1.791759469228055
98576.0,84,-0.095994281794214,-0.3723235209307121,0.173569004370642,46.88897,-122.68993,Medium,4.442651256490317
98577.0,64,-0.18235084653968886,-0.266751204014134,-0.07681457098385568,46.68867,-123.72994,Medium,4.174387269895637
98579.0,160,-0.22983228984709092,-0.14006442371424033,-0.19395928342208066,46.82175,-123.08743,Medium,5.081404364984463
98580.0,187,0.14220222990005973,0.12448738220612521,0.1944401168648591,47.00328,-122.54332,Medium,5.236441962829949
98581.0,3,-0.879092850628015,-0.3723235209307121,-0.19395928342208066,46.37331,-123.04373,Low,1.3862943611198906
98582.0,5,-1.414878132393511,1.3168335497345351,-0.19395928342208066,46.53186,-122.6306,Low,1.791759469228055
98584.0,584,0.15924213067921902,-0.12357778792178867,0.022917843285025434,47.21248,-123.10564999999998,High,6.371611847231857
98585.0,13,-0.012815921909927244,-0.24238836164876992,-0.19395928342208066,46.52793,-122.60209,Low,2.6390573296152584
98586.0,7,-1.185255868779727,0.5929090908780005,-0.19395928342208066,46.66641,-123.81251,Low,2.0794415416798357
98587.0,9,0.6406503070841776,-1.4984282347075435,0.5899959055606796,47.34257,-124.28628,Low,2.302585092994046
98588.0,45,-0.01981456855127633,0.6411707214684365,-0.19395928342208066,47.37733,-123.04061,Medium,3.828641396489095
98589.0,124,0.1396492189005359,-0.1135010665545852,-0.19395928342208066,46.85752,-122.85135,Medium,4.8283137373023015
98590.0,9,-0.9026808819007098,-2.0614805915959593,-0.19395928342208066,46.71227,-123.99813999999999,Low,2.302585092994046
98591.0,53,1.0090305043725702,0.07386891282991968,-0.19395928342208066,46.44067,-122.84784,Medium,3.9889840465642745
98592.0,71,-0.822851770028129,-0.25336879764442705,0.08814639259750418,47.35689,-123.09944000000002,Medium,4.276666119016055
98593.0,11,-0.7504308618678616,-1.4472416568085966,-0.19395928342208066,46.40201,-122.95015,Low,2.4849066497880004
98595.0,37,0.3555903152558585,-0.6005879899395292,0.5389657048313108,46.89112,-124.10425000000001,Medium,3.6375861597263857
98596.0,103,0.19247771290297677,-0.20832768882728975,0.21758235072325188,46.49114,-122.93881,Medium,4.6443908991413725
98597.0,442,-0.2900858344363129,-0.03602075573039148,-0.03780276419668918,46.94239,-122.60735,High,6.093569770045136
98601.0,33,0.023379099103917958,0.8561543486440131,-0.19395928342208066,45.91958,-122.42148,Medium,3.5263605246161616
98603.0,25,-0.26728671378937696,-0.30475723810410177,0.4234882400696934,45.989740000000005,-122.53658,Medium,3.258096538021482
98604.0,869,-0.06298497002405468,0.10973741523152228,-0.0822470349004445,45.78092,-122.5331,High,6.76849321164863
98605.0,14,0.8878432470541527,0.5929090908780005,1.4890994422209884,45.71513,-121.46623,Low,2.70805020110221
98606.0,395,0.1620734657218252,-0.0045576776972654325,0.1905407566726909,45.73473,-122.54578,High,5.981414211254481
98607.0,2141,-0.11637802238951242,0.23990715951591654,-0.026412333605066618,45.58694,-122.40199,High,7.669495251007694
98610.0,27,0.6889496092139812,0.0030447169948983493,-0.19395928342208066,45.72558,-121.82047999999999,Medium,3.332204510175204
98611.0,118,-0.10719880062687691,0.2002720962439483,0.0676710231422304,46.27509,-122.90723999999999,Medium,4.77912349311153
98612.0,66,0.8969021013648167,-0.5258832546275526,0.1737434715640928,46.20785,-123.38663,Medium,4.204692619390966
98613.0,4,1.1174655106679368,0.049965746735599864,-0.19395928342208066,45.75198,-120.903,Low,1.6094379124341003
98614.0,3,1.183175026356158,-0.3723235209307121,-0.19395928342208066,46.27264,-123.94534,Low,1.3862943611198906
98616.0,3,-1.2733499447573422,-0.3723235209307121,-0.19395928342208066,46.04647,-122.30856999999999,Low,1.3862943611198906
98617.0,14,0.9160044680633905,-0.13101536797853366,-0.19395928342208066,45.61623000000001,-121.14532,Low,2.70805020110221
98619.0,1,-0.8386562255891097,-3.750637662261206,-0.19395928342208066,46.01842,-121.29272,Low,0.6931471805599453
98620.0,55,-0.08543218281895457,-0.34161157419134375,-0.19395928342208066,45.823,-120.82545,Medium,4.02535169073515
98621.0,5,3.4981718098334893,0.30333930733538716,-0.19395928342208066,46.35588,-123.61022,Low,1.791759469228055
98624.0,23,-0.3797884371041403,-1.5473893092195796,-0.19395928342208066,46.3088,-124.03547,Medium,3.1780538303479458
98625.0,168,0.13741891541696727,0.1706198232116891,-0.19395928342208066,46.00813,-122.84226000000001,Medium,5.1298987149230735
98626.0,261,0.28775941558085716,0.03540404785055451,-0.01653183414283524,46.14424,-122.89867,Medium,5.568344503761097
98628.0,2,-1.2329133197184368,-1.2169020562633355,3.8693577524322262,45.81756,-121.15176,Low,1.0986122886681098
98629.0,263,0.29383834049574614,0.025880807515088002,-0.08497049369363607,45.86156,-122.67248,Medium,5.575949103146316
98631.0,55,-0.15932092493549985,-0.7101549350637615,-0.19395928342208066,46.35232,-124.05439,Medium,4.02535169073515
98632.0,461,0.017354671926459432,-0.1121713473575393,-0.08361491399726696,46.14681,-122.95058,High,6.135564891081739
98635.0,37,-0.2321068500055294,-0.7375466713448192,0.4566011703207505,45.6939,-121.28544,Medium,3.6375861597263857
98638.0,22,0.9975341568593652,-1.2169020562633355,-0.19395928342208066,46.36545,-123.81153999999998,Medium,3.1354942159291497
98639.0,17,1.3681131202840926,0.4225739240882277,-0.19395928342208066,45.64119,-121.96999999999998,Low,2.8903717578961645
98640.0,94,0.0998821433325047,-0.8395371787742907,0.03345115197957111,46.49147000000001,-124.04987,Medium,4.553876891600541
98641.0,3,-1.1621492259003525,-0.3723235209307121,-0.19395928342208066,46.54905,-124.02697,Low,1.3862943611198906
98642.0,1298,-0.16056393058962334,0.18465585213918448,-0.05663739904709636,45.81539,-122.74595,High,7.1693500166706
98643.0,4,-1.0585303742381575,0.049965746735599864,-0.19395928342208066,46.33397,-123.6386,Low,1.6094379124341003
98644.0,7,1.2929315800331869,-0.8549398268350684,-0.19395928342208066,46.3354,-124.05475,Low,2.0794415416798357
98645.0,36,0.4325701740714772,0.19072883595770385,0.988107734707637,46.29694,-122.8112,Medium,3.6109179126442243
98647.0,9,2.261485027393634,0.7537811928461192,-0.19395928342208066,46.2716,-123.45797,Low,2.302585092994046
98648.0,63,0.21654713256899177,0.19072883595770385,-0.19395928342208066,45.69417,-121.88258,Medium,4.1588830833596715
98649.0,8,-1.335268526848166,0.6833996482350675,-0.19395928342208066,46.32447,-122.73237,Low,2.1972245773362196
98650.0,42,0.15637358340395416,-0.25166944445462286,-0.19395928342208066,45.99588,-121.52529,Medium,3.7612001156935624
98651.0,40,-0.2722907461379417,-0.7101549350637615,0.09809162852994767,45.72902,-121.52357000000002,Medium,3.713572066704308
98660.0,487,-0.10251452448300058,0.13060825575606583,-0.03178120357727963,45.63248,-122.67156,High,6.1903154058531475
98661.0,935,0.09679211622000551,-0.04352503230924128,0.01780250091654945,45.63201,-122.62934,High,6.841615476477592
98662.0,804,0.02846796880861065,-0.06978792618469738,0.043710264972139264,45.64251,-122.57722,High,6.690842277418564
98663.0,374,0.21404751690100246,0.04319105260191569,-0.03993750813688592,45.65675,-122.64695,High,5.926926025970411
98664.0,552,-0.029594078411229074,-0.005115462090441045,-0.046919678433986825,45.62158,-122.59219,High,6.315358001522335
98665.0,682,-0.2758193160024985,-0.05034343414701369,-0.11062903358328284,45.67871,-122.64443,High,6.52649485957079
98668.0,1,-1.414878132393511,1.3168335497345351,-0.19395928342208066,45.64087,-122.62446,Low,0.6931471805599453
98670.0,2,-0.2775980531742979,-3.750637662261206,-0.19395928342208066,45.84657,-121.10717,Low,1.0986122886681098
98671.0,821,0.003937639030955275,-0.0657651731485904,-0.05664507574827196,45.57923,-122.35341,High,6.71174039505618
98672.0,282,0.1897891075147517,0.023011112629239362,-0.0844827721646739,45.72776,-121.48704000000001,Medium,5.645446897643238
98673.0,2,3.8469377007940477,-1.2169020562633355,-0.19395928342208066,45.65936,-120.96465,Low,1.0986122886681098
98674.0,261,0.28194955566147417,-0.042258346203020165,-0.0502955077884637,45.9094,-122.74017,Medium,5.568344503761097
98675.0,83,-0.5876324779831339,0.09575614925363368,-0.007981113695642694,45.86679,-122.40908,Medium,4.430816798843313
98682.0,1632,-0.2250638900378156,-0.2139650455558452,-0.042538181705820785,45.69345,-122.55149000000002,High,7.398174092970465
98683.0,1025,-0.12204032916792354,0.09075271014922416,-0.05470772812228887,45.60365,-122.49212,High,6.933423025730715
98684.0,739,-0.13447620288013437,0.04139424603871937,-0.005192364630236035,45.637010000000004,-122.48723,High,6.606650186198215
98685.0,1134,0.04394264976403479,0.01645072549224172,-0.09622047790988465,45.70954,-122.70303000000001,High,7.034387929915503
98686.0,806,-0.15075698958296743,0.08454526493160076,-0.11949134906022789,45.71668,-122.62731,High,6.693323668269949
98801.0,630,-0.04186215696534618,0.26312128184335704,-0.040217836568586955,47.41494,-120.30522,High,6.447305862541213
98802.0,424,0.13940464253941348,0.2650942415844759,0.07394849619849947,47.415150000000004,-120.29473,High,6.052089168924417
98812.0,29,0.41104464307016336,0.09365084339073537,-0.19395928342208066,48.09967,-119.78093,Medium,3.4011973816621555
98813.0,4,-1.414878132393511,1.3168335497345351,-0.19395928342208066,48.00744,-119.67013,Low,1.6094379124341003
98814.0,6,-0.09563324049922386,-0.3723235209307121,-0.19395928342208066,48.25448,-120.10803,Low,1.9459101490553132
98815.0,100,0.225534653872282,0.3540140194553446,-0.07261185346545339,47.5224,-120.47004999999999,Medium,4.61512051684126
98816.0,224,0.276284423502583,0.5250411728602006,-0.08561829311365454,47.83985,-120.01454,Medium,5.41610040220442
98817.0,4,-1.2480770541080264,0.049965746735599864,-0.19395928342208066,47.8029,-119.98523,Low,1.6094379124341003
98819.0,1,-1.414878132393511,1.3168335497345351,-0.19395928342208066,48.55781,-119.75013,Low,0.6931471805599453
98821.0,1,-1.414878132393511,1.3168335497345351,-0.19395928342208066,47.54128,-120.55978,Low,0.6931471805599453
98822.0,33,1.0774883927317462,0.39547514755349156,-0.19395928342208066,47.67562,-120.20831,Medium,3.5263605246161616
98823.0,114,-0.4720662959600862,-0.3278720190711002,-0.19395928342208066,47.31909,-119.55096,Medium,4.74493212836325
98826.0,368,0.14031117013879119,0.2840608842462729,0.21941145443062485,47.5982,-120.65754,High,5.910796644040527
98828.0,30,0.9173042167253553,0.4722550144019118,0.8351199223975427,47.37238,-120.20227,Medium,3.4339872044851463
98829.0,1,-1.414878132393511,1.3168335497345351,-0.19395928342208066,48.28279,-119.70617,Low,0.6931471805599453
98830.0,5,-1.2207823322067652,0.30333930733538716,-0.19395928342208066,47.8118,-119.63759,Low,1.791759469228055
98831.0,110,0.4047699943572299,0.11906762689917832,0.16288587622372128,47.8854,-120.16034000000002,Medium,4.709530201312334
98832.0,5,-1.287502763520959,0.30333930733538716,-0.19395928342208066,47.40718,-118.98504,Low,1.791759469228055
98833.0,30,0.6160513601855103,0.4722550144019118,-0.19395928342208066,48.5941,-120.40814,Medium,3.4339872044851463
98834.0,4,-1.0964397102121313,0.049965746735599864,-0.19395928342208066,48.12868,-120.0051,Low,1.6094379124341003
98836.0,2,-1.414878132393511,1.3168335497345351,-0.19395928342208066,47.49049,-120.42429,Low,1.0986122886681098
98837.0,499,0.11286051029631432,-0.22676489560284477,0.016141326795292385,47.13196,-119.2771,High,6.214608098422191
98840.0,10,-0.47775934711687945,-0.20340781386418744,-0.19395928342208066,48.3654,-119.57959000000001,Low,2.3978952727983707
98841.0,28,-0.6545251651440942,-1.5788642856916029,-0.19395928342208066,48.41078,-119.52724,Medium,3.367295829986474
98843.0,69,0.08083746551295556,0.5824174320539931,0.25346645823862524,47.62353,-120.22794999999999,Medium,4.248495242049359
98844.0,25,-0.16417331994016837,0.30333930733538716,-0.19395928342208066,48.93881,-119.43558000000002,Medium,3.258096538021482
98845.0,4,-0.2775980531742979,1.3168335497345351,-0.19395928342208066,47.41492,-119.9176,Low,1.6094379124341003
98846.0,12,-0.7780012880307516,0.049965746735599864,-0.19395928342208066,48.05501999999999,-119.89975,Low,2.5649493574615367
98847.0,29,0.14228052319950807,0.09365084339073537,-0.19395928342208066,47.56805,-120.60364,Medium,3.4011973816621555
98848.0,151,0.029191407489251246,0.1422541297355225,0.04091284296656091,47.23748,-119.85338000000002,Medium,5.0238805208462765
98849.0,4,-1.255658921302821,0.049965746735599864,-0.19395928342208066,48.5012,-119.50853,Low,1.6094379124341003
98850.0,21,-0.06458368913006435,-0.13101536797853366,-0.19395928342208066,47.37163,-120.14545000000001,Medium,3.091042453358316
98851.0,33,-0.578575205452514,-1.2936819231117558,-0.19395928342208066,47.38898,-119.48323,Medium,3.5263605246161616
98853.0,1,-1.414878132393511,1.3168335497345351,-0.19395928342208066,47.4263,-119.27844,Low,0.6931471805599453
98855.0,24,0.11918633001996089,-1.4280466900964914,0.17404878915263175,48.7086,-119.43681,Medium,3.2188758248682006
98856.0,66,0.14422946711791917,-0.21876378723387102,-0.19395928342208066,48.3652,-120.1231,Medium,4.204692619390966
98857.0,16,0.43888839673380625,-0.266751204014134,-0.19395928342208066,46.96971,-119.04573,Low,2.833213344056216
98858.0,7,0.5260798694739459,1.3168335497345351,-0.19395928342208066,47.64963,-120.07145,Low,2.0794415416798357
98862.0,142,-0.10054543614655558,-0.0035638787432283156,-0.1365739502075124,48.47396,-120.17739,Medium,4.962844630259907
98901.0,188,0.026967165203840213,0.21169355137376178,-0.11532296318466548,46.60464000000001,-120.50729,Medium,5.241747015059643
98902.0,257,0.4676670405023755,-0.26058939563378897,0.09350957005978756,46.59751,-120.52041,Medium,5.552959584921617
98903.0,146,-0.24519336050613413,-0.21034955525048266,0.17494434539704018,46.55351,-120.4778,Medium,4.990432586778736
98908.0,497,-0.16901106988949094,-0.304349393338549,-0.147351195713663,46.59817,-120.60199,High,6.210600077024653
98921.0,2,-1.414878132393511,1.3168335497345351,-0.19395928342208066,46.42727,-120.31299,Low,1.0986122886681098
98922.0,332,-0.021093437716663332,0.5536601744339719,0.09884325704135995,47.195,-120.93943,Medium,5.808142489980444
98923.0,6,-1.146985491510763,0.4722550144019118,-0.19395928342208066,46.65456,-120.70979,Low,1.9459101490553132
98925.0,22,0.42406929267125276,0.8561543486440131,-0.19395928342208066,47.2378,-121.17954,Medium,3.1354942159291497
98926.0,412,0.1659779829017523,0.24676074525970623,-0.06430598063044937,46.99703,-120.54872,High,6.023447592961033
98930.0,61,0.7602477021787543,0.23688066848954106,0.059092980304056256,46.25606,-119.90123,Medium,4.127134385045092
98932.0,9,-0.5050540690181405,0.19072883595770385,-0.19395928342208066,46.33949,-120.1871,Low,2.302585092994046
98933.0,1,0.19247771290297677,-3.750637662261206,-0.19395928342208066,46.40365,-120.54352,Low,0.6931471805599453
98934.0,6,-0.7678921317710253,0.4722550144019118,-0.19395928342208066,46.98472,-120.41752000000001,Low,1.9459101490553132
98935.0,12,0.8369364244605307,0.049965746735599864,-0.19395928342208066,46.21092000000001,-119.99854,Low,2.5649493574615367
98936.0,45,0.10014741906414289,-0.03449210679766275,-0.035696029308190075,46.55621,-120.39197,Medium,3.828641396489095
98937.0,36,0.154568376929003,-0.2315604317086081,0.1734813724469909,46.7309,-120.69972,Medium,3.6109179126442243
98938.0,18,1.071974307499168,0.19072883595770385,-0.19395928342208066,46.3294,-120.08512000000002,Medium,2.9444389791664403
98939.0,2,-1.0357847726537732,-1.2169020562633355,-0.19395928342208066,46.50345,-120.4672,Low,1.0986122886681098
98940.0,65,0.3879732424179923,0.14741711619705664,0.04352053330552477,47.23781,-121.02627,Medium,4.189654742026425
98941.0,27,-0.09282514153818869,0.3784129549205088,0.0673591129055061,47.22593,-120.99607000000002,Medium,3.332204510175204
98942.0,151,0.20392583025670669,0.008016481735635187,0.14313925414069567,46.65405,-120.53145,Medium,5.0238805208462765
98943.0,6,0.0560041033966712,0.4722550144019118,-0.19395928342208066,47.18891,-120.94822,Low,1.9459101490553132
98944.0,105,0.1965213754068673,-0.03449210679766275,0.10006334681209744,46.32379,-120.00975999999999,Medium,4.663439094112067
98946.0,10,-0.7658703005190801,0.30333930733538716,-0.19395928342208066,47.05139,-120.66621,Low,2.3978952727983707
98947.0,18,0.5833650882790617,1.0353073712903271,-0.19395928342208066,46.70257,-120.75541000000001,Medium,2.9444389791664403
98948.0,28,1.6113700022145665,1.1358524350204016,0.3573331482670033,46.37507999999999,-120.31298,Medium,3.367295829986474
98950.0,2,-1.414878132393511,1.3168335497345351,-0.19395928342208066,46.94468,-119.9899,Low,1.0986122886681098
98951.0,31,0.40085677257927116,0.33603266999342374,0.06890256549626424,46.44779,-120.42083,Medium,3.4657359027997265
98952.0,2,-1.1267671789913103,-1.2169020562633355,-0.19395928342208066,46.38287,-120.73063,Low,1.0986122886681098
98953.0,43,-0.1509985032705157,0.1383518725262234,-0.19395928342208066,46.40199,-120.26226,Medium,3.784189633918261
99001.0,42,-0.048697872150494335,-0.01036129150244446,-0.19395928342208066,47.6443,-117.59311,Medium,3.7612001156935624
99003.0,58,-0.2524994583225635,-0.3432001231606214,-0.19395928342208066,47.89594,-117.35236999999998,Medium,4.07753744390572
99004.0,238,-0.1999954124746339,0.1457792780548473,-0.14297296831425407,47.48928,-117.57445,Medium,5.476463551931511
99005.0,186,-0.019325415829031523,-0.12712330099543395,-0.19395928342208066,47.83743,-117.35414000000002,Medium,5.231108616854587
99006.0,106,-0.013520188238616544,-0.30858174467919336,-0.12739705039524252,47.95431,-117.47154000000002,Medium,4.672828834461906
99008.0,5,2.121304727258762,-0.7101549350637615,-0.19395928342208066,47.50524,-117.95109,Low,1.791759469228055
99009.0,37,0.5572269995714813,0.08420541708692265,-0.19395928342208066,48.01723,-117.27815999999999,Medium,3.6375861597263857
99011.0,22,0.6349830528173616,-0.29554365408229183,-0.19395928342208066,47.64045999999999,-117.64458,Medium,3.1354942159291497
99012.0,3,-0.818437913069657,-2.0614805915959593,-0.19395928342208066,47.38522,-117.17125,Low,1.3862943611198906
99013.0,5,0.7019791883931841,-1.7236491774629095,-0.19395928342208066,47.90886,-117.80582,Low,1.791759469228055
99016.0,369,-0.2018615694886246,0.13579689870029715,-0.10335214909482396,47.65699,-117.17479999999999,High,5.91350300563827
99017.0,1,-0.6566914129140357,-3.750637662261206,-0.19395928342208066,47.20139,-117.90629,Low,0.6931471805599453
99018.0,3,5.570548843077388,1.3168335497345351,-0.19395928342208066,47.27966,-117.15511,Low,1.3862943611198906
99019.0,388,-0.575557617571799,0.0369052539211779,-0.09896718160617918,47.66829,-117.10149999999999,High,5.963579343618446
99021.0,117,-0.3757087107206163,-0.11245320236682772,-0.19395928342208066,47.7628,-117.35586,Medium,4.770684624465665
99022.0,76,0.26430592843261136,-0.216743264422071,-0.10112248472675377,47.57261,-117.68269,Medium,4.343805421853684
99023.0,7,0.829354557265736,0.5929090908780005,-0.19395928342208066,47.56436,-117.21611,Low,2.0794415416798357
99025.0,59,0.10766360530018809,-0.4009533017894448,0.48294831231691293,47.7251,-117.06882,Medium,4.0943445622221
99026.0,148,0.3170662332931175,0.015726076384277077,-0.14583869940096528,47.77676,-117.54392,Medium,5.003946305945459
99027.0,70,-0.11772896775262569,-0.05862292209288048,-0.09221862006315099,47.70763,-117.11195,Medium,4.2626798770413155
99029.0,9,-0.32645897509630867,0.19072883595770385,-0.19395928342208066,47.66951,-117.87704000000001,Low,2.302585092994046
99030.0,7,1.2842665889534213,1.3168335497345351,-0.19395928342208066,47.45227,-117.13261,Low,2.0794415416798357
99031.0,16,0.19816411329907282,-0.9001851055136016,-0.19395928342208066,47.42909,-117.38035,Low,2.833213344056216
99032.0,4,-0.5960364753556776,-2.483769859262271,-0.19395928342208066,47.30036,-117.97378,Low,1.6094379124341003
99033.0,3,-1.2025858509392577,-0.3723235209307121,-0.19395928342208066,47.22679,-117.07351,Low,1.3862943611198906
99034.0,1,-1.414878132393511,1.3168335497345351,-0.19395928342208066,47.8927,-117.67024,Low,0.6931471805599453
99036.0,31,-0.13329800011207524,0.009099043413053601,-0.19395928342208066,47.5353,-117.23995,Medium,3.4657359027997265
99037.0,210,-0.16134275618744498,0.013769523792773271,0.03791478655873578,47.657059999999994,-117.19631,Medium,5.351858133476067
99040.0,2,-0.7780012880307516,-3.750637662261206,-0.19395928342208066,47.88677,-117.98701,Low,1.0986122886681098
99101.0,6,0.6878263696295671,1.3168335497345351,2.378738731126978,48.35609,-117.8379,Low,1.9459101490553132
99103.0,2,-1.414878132393511,1.3168335497345351,-0.19395928342208066,47.71094,-118.94018,Low,1.0986122886681098
99109.0,28,-0.6458601740643288,-0.3119964826926672,-0.19395928342208066,48.28136,-117.71555,Medium,3.367295829986474
99110.0,8,-0.8538199599786992,-0.5834681547638678,-0.19395928342208066,47.99685,-117.57228,Low,2.1972245773362196
99111.0,31,0.2570458722392935,-0.15436776987713147,-0.19395928342208066,46.87965,-117.36477,Medium,3.4657359027997265
99113.0,7,-0.9469686140861775,-0.8549398268350684,-0.19395928342208066,46.56801,-117.12983999999999,Low,2.0794415416798357
99114.0,72,-0.39764428375854827,-0.3019419763196598,-0.19395928342208066,48.54657,-117.90454,Medium,4.290459441148391
99115.0,20,-0.5459961518700323,0.8100864285349612,-0.19395928342208066,47.61233,-119.28816000000002,Medium,3.044522437723423
99116.0,9,-0.25569488127822426,0.19072883595770385,-0.19395928342208066,47.9708,-118.97669000000002,Low,2.302585092994046
99117.0,2,-0.7780012880307516,-1.2169020562633355,-0.19395928342208066,47.75865,-118.51906,Low,1.0986122886681098
99118.0,9,-0.3466772876157613,0.19072883595770385,-0.19395928342208066,48.88101,-118.60061000000002,Low,2.302585092994046
99119.0,11,-0.6125787310534117,0.39547514755349156,-0.19395928342208066,48.33866,-117.30443,Low,2.4849066497880004
99121.0,1,5.105527655129977,1.3168335497345351,-0.19395928342208066,48.99237,-118.50797,Low,0.6931471805599453
99122.0,35,0.6785837124778175,-0.7101549350637615,0.15274765931114012,47.65405,-118.14913,Medium,3.58351893845611
99123.0,7,-1.1809233732398443,-0.13101536797853366,-0.19395928342208066,47.933479999999996,-119.03590999999999,Low,2.0794415416798357
99124.0,1,-1.414878132393511,1.3168335497345351,-0.19395928342208066,47.99877,-118.95343,Low,0.6931471805599453
99125.0,6,-0.7072371942126673,-0.3723235209307121,-0.19395928342208066,46.927519999999994,-117.68485,Low,1.9459101490553132
99126.0,8,-0.690809815290612,-1.8503359577628031,-0.19395928342208066,48.71331,-118.02345,Low,2.1972245773362196
99128.0,1,-0.7780012880307516,-3.750637662261206,-0.19395928342208066,47.08917,-117.04546,Low,0.6931471805599453
99130.0,6,1.1680112919665684,0.4722550144019118,-0.19395928342208066,47.00706,-117.13358999999998,Low,1.9459101490553132
99131.0,1,-0.2624343187847084,-3.750637662261206,-0.19395928342208066,48.31085,-118.13633,Low,0.6931471805599453
99133.0,13,-0.7593382303204876,-1.4118047951862485,-0.19395928342208066,47.94283,-119.00041,Low,2.6390573296152584
99134.0,3,-0.879092850628015,-0.3723235209307121,-0.19395928342208066,47.4829,-118.25682,Low,1.3862943611198906
99135.0,2,-1.0964397102121313,-1.2169020562633355,-0.19395928342208066,47.69015,-119.10557,Low,1.0986122886681098
99137.0,3,2.5883477464581186,-2.0614805915959593,-0.19395928342208066,48.11777,-118.20299,Low,1.3862943611198906
99138.0,1,4.650615623442292,1.3168335497345351,-0.19395928342208066,48.29812,-118.19657,Low,0.6931471805599453
99139.0,3,-0.7274555067321199,-2.0614805915959593,-0.19395928342208066,48.74170999999999,-117.41793,Low,1.3862943611198906
99141.0,46,0.29005304723598757,-0.3356027150466848,-0.19395928342208066,48.61053,-118.06211,Medium,3.8501476017100584
99143.0,2,-0.9296386319266468,-1.2169020562633355,-0.19395928342208066,46.81612,-117.88137,Low,1.0986122886681098
99147.0,4,-0.9599661007058258,-1.2169020562633355,-0.19395928342208066,47.82937,-118.41899,Low,1.6094379124341003
99148.0,23,-0.01981456855127633,-0.4457651326987661,-0.19395928342208066,48.06288,-117.63730999999999,Medium,3.1780538303479458
99149.0,1,-0.2624343187847084,-3.750637662261206,-0.19395928342208066,47.22875,-117.47511,Low,0.6931471805599453
99152.0,1,-0.4140716626806035,-3.750637662261206,-0.19395928342208066,48.85602,-117.38884,Low,0.6931471805599453
99155.0,1,3.134242184483341,1.3168335497345351,-0.19395928342208066,48.16636,-118.97665,Low,0.6931471805599453
99156.0,57,0.16534260925844826,0.4278035125422999,-0.19395928342208066,48.18285,-117.04398,Medium,4.060443010546419
99157.0,1,-1.414878132393511,1.3168335497345351,-0.19395928342208066,48.91739,-117.77812,Low,0.6931471805599453
99158.0,4,-1.225331452523642,0.049965746735599864,-0.19395928342208066,47.12905,-117.24261,Low,1.6094379124341003
99159.0,8,-0.9334295655240441,-1.2169020562633355,-0.19395928342208066,47.33323,-118.68999,Low,2.1972245773362196
99160.0,1,-1.414878132393511,1.3168335497345351,-0.19395928342208066,48.8683,-118.20874,Low,0.6931471805599453
99161.0,29,-0.28021249013802024,-0.2558299298503498,0.049337154538086334,46.91008,-117.0768,Medium,3.4011973816621555
99163.0,397,-0.3697645294515762,-0.2914822505462288,-0.12565141298032878,46.73015,-117.18147,High,5.986452005284438
99166.0,17,1.8640564332612555,-0.4716857015580792,-0.19395928342208066,48.64426,-118.73748,Low,2.8903717578961645
99167.0,7,-1.063945993663011,-0.13101536797853366,-0.19395928342208066,48.42934,-118.16165,Low,2.0794415416798357
99169.0,26,-0.33475366741198154,-0.24238836164876992,-0.19395928342208066,47.1274,-118.37977,Medium,3.295836866004329
99170.0,12,-0.19419751403155566,-0.3723235209307121,-0.19395928342208066,47.23445,-117.37046,Low,2.5649493574615367
99171.0,2,-1.414878132393511,1.3168335497345351,-0.19395928342208066,47.09185,-117.5821,Low,1.0986122886681098
99173.0,3,1.3752489952909583,-0.3723235209307121,-0.19395928342208066,48.05738,-117.74137,Low,1.3862943611198906
99179.0,4,-1.0964397102121313,-1.2169020562633355,-0.19395928342208066,46.53906,-117.08742,Low,1.6094379124341003
99180.0,2,-1.0964397102121313,-1.2169020562633355,-0.19395928342208066,48.31375,-117.28054,Low,1.0986122886681098
99181.0,11,0.36617139772918383,-0.06520405353703052,-0.19395928342208066,48.176230000000004,-117.72554999999998,Low,2.4849066497880004
99185.0,7,-0.773668792490869,-2.3027887445481374,-0.19395928342208066,47.75942,-118.70912,Low,2.0794415416798357
99201.0,201,-0.18442784436264104,0.03105727206397419,0.0013291124039801038,47.657259999999994,-117.41162,Medium,5.308267697401205
99202.0,214,-0.4524770086579751,0.3459628969689961,0.11014969932534527,47.65548,-117.3797,Medium,5.3706380281276624
99203.0,575,-0.054888945487196354,-0.11087138303643886,-0.04127956971520915,47.63374,-117.39322000000001,High,6.3561076606958915
99204.0,95,-0.08876965545972557,-0.3367623194430226,-0.11504074030580277,47.64778999999999,-117.42570999999998,Medium,4.564348191467836
99205.0,298,-0.11049166480043246,-0.31564039775402564,-0.031891980434530155,47.69963,-117.45674000000001,Medium,5.700443573390687
99206.0,387,-0.22905059346189127,0.09906914995261296,0.054548548438742656,47.66116,-117.24521999999999,High,5.961005339623274
99207.0,156,-0.22569142391762623,-0.24238836164876992,-0.19395928342208066,47.67573,-117.3973,Medium,5.056245805348308
99208.0,803,-0.17598403729586556,-0.17879618531277555,-0.08352930915795583,47.7333,-117.45005,High,6.6895992691789665
99212.0,395,-0.1712983556432263,-1.1206842484406316,-0.10417551906145567,47.68043,-117.28805,High,5.981414211254481
99216.0,221,-0.3127971289293179,-0.1048099577031841,-0.07919635759878065,47.65878,-117.21264,Medium,5.402677381872279
99217.0,171,0.012995850888186415,-0.25378618263841407,0.23033604207052438,47.70433,-117.35298,Medium,5.147494476813453
99218.0,160,-0.16159548509393812,-0.3300945941640805,-0.05483484143359079,47.7458,-117.4118,Medium,5.081404364984463
99223.0,659,-0.13868536044295987,-0.07499086509282334,-0.14175201305187862,47.63396,-117.36043,High,6.492239835020471
99224.0,540,-0.10141792435895623,-0.1752551960197662,0.10199504651577991,47.59431,-117.46996,High,6.293419278846481
99251.0,1,-1.414878132393511,1.3168335497345351,-0.19395928342208066,47.75122,-117.41643,Low,0.6931471805599453
99301.0,939,0.2947642875820608,0.19432661459596828,-0.030418627685014948,46.23542,-119.09467,High,6.84587987526405
99320.0,101,0.6801193891147262,-0.23852890147207872,0.06797860987072282,46.26543,-119.48756,Medium,4.624972813284271
99322.0,1,-1.414878132393511,1.3168335497345351,-0.19395928342208066,45.99783,-120.30007,Low,0.6931471805599453
99323.0,20,0.14698650973420824,0.8100864285349612,-0.19395928342208066,46.1992,-119.01561,Medium,3.044522437723423
99324.0,99,0.1802241901639146,-0.06520405353703052,-0.19395928342208066,46.03456,-118.38864000000001,Medium,4.605170185988092
99326.0,23,1.4293110048538424,0.6558590438220471,-0.19395928342208066,46.66145999999999,-118.86063000000001,Medium,3.1780538303479458
99328.0,23,0.10808823456091347,0.6558590438220471,-0.19395928342208066,46.321889999999996,-117.97577,Medium,3.1780538303479458
99329.0,1,-1.414878132393511,1.3168335497345351,-0.19395928342208066,46.14048,-118.15568,Low,0.6931471805599453
99330.0,8,-1.062321307835555,-0.5834681547638678,-0.19395928342208066,46.45698,-119.01647,Low,2.1972245773362196
99336.0,411,0.495678611233017,-0.0024351112959863433,-0.07008356372777587,46.20837,-119.11697999999998,High,6.021023349349527
99337.0,401,0.37376185919647315,-0.07324583510220188,-0.11655778589018717,46.18764,-119.14482000000001,High,5.996452088619021
99338.0,536,0.1708071521894962,-0.08239357596578153,0.008745127435349501,46.20664,-119.3118,High,6.285998094508865
99341.0,3,-1.414878132393511,1.3168335497345351,-0.19395928342208066,46.97135,-118.61566,Low,1.3862943611198906
99343.0,10,-0.14718993742382827,-0.20340781386418744,-0.19395928342208066,46.57833,-119.00503,Low,2.3978952727983707
99344.0,78,0.7582016497453548,0.14741711619705664,0.39974025839693283,46.82616,-119.17420000000001,Medium,4.3694478524670215
99345.0,1,-1.414878132393511,1.3168335497345351,-0.19395928342208066,45.93967,-119.60311,Low,0.6931471805599453
99346.0,1,0.19247771290297677,-3.750637662261206,-0.19395928342208066,45.93559,-119.35107,Low,0.6931471805599453
99347.0,2,-0.4747266002389615,-3.750637662261206,-0.19395928342208066,46.47398,-117.58937,Low,1.0986122886681098
99348.0,2,-1.414878132393511,1.3168335497345351,-0.19395928342208066,46.29961,-118.31243,Low,1.0986122886681098
99349.0,39,0.3153428428288815,0.27735227547899827,-0.19395928342208066,46.73779,-119.90007999999999,Medium,3.6888794541139363
99350.0,111,0.01324510462242342,0.2211640984922127,-0.19395928342208066,46.20663,-119.76904,Medium,4.718498871295094
99352.0,999,-0.028436191307319166,-0.06289835182987069,-0.07303307091180301,46.27391,-119.27372,High,6.907755278982137
99353.0,345,0.29849199507019386,-0.06386875150488446,-0.061431010629318356,46.29696,-119.33836,High,5.846438775057725
99354.0,411,0.2305530751658876,-0.2120385434223306,-0.08961460866764999,46.31484,-119.26844,High,6.021023349349527
99357.0,31,-0.3387421434549008,0.33603266999342374,-0.19395928342208066,46.90248,-119.63136,Medium,3.4657359027997265
99360.0,14,0.07766658109608482,0.2309468614497334,0.31001190949540813,46.04238,-118.66923,Low,2.70805020110221
99361.0,13,-0.0034843930547952735,-0.24238836164876992,-0.19395928342208066,46.27013,-118.15448,Low,2.6390573296152584
99362.0,532,0.16773688310943594,-0.3881990573091445,0.0023180073406818685,46.07068,-118.34261,High,6.278521424165844
99371.0,2,-0.14112444366799237,1.3168335497345351,-0.19395928342208066,46.75578,-118.311,Low,1.0986122886681098
99402.0,15,1.3105503952287094,0.30333930733538716,0.8351199223975427,46.34056,-117.04784,Low,2.772588722239781
99403.0,81,-0.2807805653301377,-0.4974462669059156,-0.0936304677219743,46.41402,-117.04555999999998,Medium,4.406719247264253
